Workbook

Sheet Inputs
A1: Assumptions
A2: Seconds per attempt | B2: 5 | D2: Note | E2: Probabilities & costs from user screenshots.
A3: Display rule | B3: Sale price 0 => not available
A4: Simulation runs (N) | B4: 5000 | D4: Simulation seed | E4: 42 | F4: P90/P95/P99
A5: Level (+n) | B5: Attempt cost (원) | C5: Sale price (원) | D5: Success % | E5: Keep % | F5: Destroy %
A6: 0 | B6: 0 | C6: 0
A7: 1 | B7: 20 | C7: 100 | D7: 1 | E7: 0 | F7: 0
A8: 2 | B8: 50 | C8: 260 | D8: 0.906 | E8: 0.094 | F8: 0
A9: 3 | B9: 100 | C9: 750 | D9: 0.798 | E9: 0.202 | F9: 0
A10: 4 | B10: 200 | C10: 1600 | D10: 0.701 | E10: 0.279 | F10: 0.021
A11: 5 | B11: 500 | C11: 3700 | D11: 0.599 | E11: 0.35 | F11: 0.051
A12: 6 | B12: 1000 | C12: 10000 | D12: 0.501 | E12: 0.397 | F12: 0.102
A13: 7 | B13: 2000 | C13: 22000 | D13: 0.454 | E13: 0.441 | F13: 0.105
A14: 8 | B14: 5000 | C14: 50000 | D14: 0.402 | E14: 0.496 | F14: 0.103
A15: 9 | B15: 10000 | C15: 125000 | D15: 0.336 | E15: 0.566 | F15: 0.098
A16: 10 | B16: 20000 | C16: 260000 | D16: 0.293 | E16: 0.614 | F16: 0.095
A17: 11 | B17: 30000 | C17: 600000 | D17: 0.255 | E17: 0.645 | F17: 0.101
A18: 12 | B18: 40000 | C18: 1250000 | D18: 0.236 | E18: 0.659 | F18: 0.106
... A26: 20 | B26: 0 | C26: 0 | D26: 0.033 | E26: 0.903 | F26: 0.099

Sheet StageCalc
A1: Per-stage calculations (transition n-1 -> n with keep loops collapsed)
A2: Uses normalized probabilities so Success+Keep+Destroy=100%.
A4: Level (+n) | B4: Raw total | C4: Success (norm) | D4: Keep (norm) | E4: Destroy (norm) | F4: Denom = S + D | G4: q = S/(S+D) | H4: Exp attempts @stage | I4: Exp cost @stage (원) | J4: Exp time @stage (sec)
A5: 1 | B5: =Inputs!D7+Inputs!E7+Inputs!F7 | C5: =IF(B5=0,0,Inputs!D7/B5) | D5: =IF(B5=0,0,Inputs!E7/B5) | E5: =IF(B5=0,0,Inputs!F7/B5) | F5: =C5+E5 | G5: =IF(F5=0,0,C5/F5) | H5: =IF(F5=0,0,1/F5) | I5: =Inputs!B7*H5 | J5: =H5*Inputs!$B$2
A6: 2 | B6: =Inputs!D8+Inputs!E8+Inputs!F8 | C6: =IF(B6=0,0,Inputs!D8/B6) | D6: =IF(B6=0,0,Inputs!E8/B6) | E6: =IF(B6=0,0,Inputs!F8/B6) | F6: =C6+E6 | G6: =IF(F6=0,0,C6/F6) | H6: =IF(F6=0,0,1/F6) | I6: =Inputs!B8*H6 | J6: =H6*Inputs!$B$2
A7: 3 | B7: =Inputs!D9+Inputs!E9+Inputs!F9 | C7: =IF(B7=0,0,Inputs!D9/B7) | D7: =IF(B7=0,0,Inputs!E9/B7) | E7: =IF(B7=0,0,Inputs!F9/B7) | F7: =C7+E7 | G7: =IF(F7=0,0,C7/F7) | H7: =IF(F7=0,0,1/F7) | I7: =Inputs!B9*H7 | J7: =H7*Inputs!$B$2
A8: 4 | B8: =Inputs!D10+Inputs!E10+Inputs!F10 | C8: =IF(B8=0,0,Inputs!D10/B8) | D8: =IF(B8=0,0,Inputs!E10/B8) | E8: =IF(B8=0,0,Inputs!F10/B8) | F8: =C8+E8 | G8: =IF(F8=0,0,C8/F8) | H8: =IF(F8=0,0,1/F8) | I8: =Inputs!B10*H8 | J8: =H8*Inputs!$B$2
A9: 5 | B9: =Inputs!D11+Inputs!E11+Inputs!F11 | C9: =IF(B9=0,0,Inputs!D11/B9) | D9: =IF(B9=0,0,Inputs!E11/B9) | E9: =IF(B9=0,0,Inputs!F11/B9) | F9: =C9+E9 | G9: =IF(F9=0,0,C9/F9) | H9: =IF(F9=0,0,1/F9) | I9: =Inputs!B11*H9 | J9: =H9*Inputs!$B$2
A10: 6 | B10: =Inputs!D12+Inputs!E12+Inputs!F12 | C10: =IF(B10=0,0,Inputs!D12/B10) | D10: =IF(B10=0,0,Inputs!E12/B10) | E10: =IF(B10=0,0,Inputs!F12/B10) | F10: =C10+E10 | G10: =IF(F10=0,0,C10/F10) | H10: =IF(F10=0,0,1/F10) | I10: =Inputs!B12*H10 | J10: =H10*Inputs!$B$2
A11: 7 | B11: =Inputs!D13+Inputs!E13+Inputs!F13 | C11: =IF(B11=0,0,Inputs!D13/B11) | D11: =IF(B11=0,0,Inputs!E13/B11) | E11: =IF(B11=0,0,Inputs!F13/B11) | F11: =C11+E11 | G11: =IF(F11=0,0,C11/F11) | H11: =IF(F11=0,0,1/F11) | I11: =Inputs!B13*H11 | J11: =H11*Inputs!$B$2
A12: 8 | B12: =Inputs!D14+Inputs!E14+Inputs!F14 | C12: =IF(B12=0,0,Inputs!D14/B12) | D12: =IF(B12=0,0,Inputs!E14/B12) | E12: =IF(B12=0,0,Inputs!F14/B12) | F12: =C12+E12 | G12: =IF(F12=0,0,C12/F12) | H12: =IF(F12=0,0,1/F12) | I12: =Inputs!B14*H12 | J12: =H12*Inputs!$B$2
A13: 9 | B13: =Inputs!D15+Inputs!E15+Inputs!F15 | C13: =IF(B13=0,0,Inputs!D15/B13) | D13: =IF(B13=0,0,Inputs!E15/B13) | E13: =IF(B13=0,0,Inputs!F15/B13) | F13: =C13+E13 | G13: =IF(F13=0,0,C13/F13) | H13: =IF(F13=0,0,1/F13) | I13: =Inputs!B15*H13 | J13: =H13*Inputs!$B$2
A14: 10 | B14: =Inputs!D16+Inputs!E16+Inputs!F16 | C14: =IF(B14=0,0,Inputs!D16/B14) | D14: =IF(B14=0,0,Inputs!E16/B14) | E14: =IF(B14=0,0,Inputs!F16/B14) | F14: =C14+E14 | G14: =IF(F14=0,0,C14/F14) | H14: =IF(F14=0,0,1/F14) | I14: =Inputs!B16*H14 | J14: =H14*Inputs!$B$2
A15: 11 | B15: =Inputs!D17+Inputs!E17+Inputs!F17 | C15: =IF(B15=0,0,Inputs!D17/B15) | D15: =IF(B15=0,0,Inputs!E17/B15) | E15: =IF(B15=0,0,Inputs!F17/B15) | F15: =C15+E15 | G15: =IF(F15=0,0,C15/F15) | H15: =IF(F15=0,0,1/F15) | I15: =Inputs!B17*H15 | J15: =H15*Inputs!$B$2
A16: 12 | B16: =Inputs!D18+Inputs!E18+Inputs!F18 | C16: =IF(B16=0,0,Inputs!D18/B16) | D16: =IF(B16=0,0,Inputs!E18/B16) | E16: =IF(B16=0,0,Inputs!F18/B16) | F16: =C16+E16 | G16: =IF(F16=0,0,C16/F16) | H16: =IF(F16=0,0,1/F16) | I16: =Inputs!B18*H16 | J16: =H16*Inputs!$B$2
... A24: 20 | B24: =Inputs!D26+Inputs!E26+Inputs!F26 | C24: =IF(B24=0,0,Inputs!D26/B24) | D24: =IF(B24=0,0,Inputs!E26/B24) | E24: =IF(B24=0,0,Inputs!F26/B24) | F24: =C24+E24 | G24: =IF(F24=0,0,C24/F24) | H24: =IF(F24=0,0,1/F24) | I24: =Inputs!B26*H24 | J24: =H24*Inputs!$B$2

Sheet Cumulative
A1: From +0 to +n (destroy resets to +0). Expected values are computed via recursion. | K1: Simulation (Monte Carlo)
A2: E[n] = (E[n-1] + stage_value[n]) / q[n], where q[n]=S/(S+D) from StageCalc. | K2: N=5000, seed=42; percentiles P90/P95/P99 (approx.)
A4: Target level (+n) | B4: Exp clicks to reach +n | C4: Exp cost to reach +n (원) | D4: Exp time (sec) | E4: Exp time (min) | F4: Exp time (hours) | G4: Exp breaks (destroy events) | H4: Sale price (원) | I4: Exp profit if sell (원) | J4: Profit per hour (원/hour) | K4: Sim clicks P90 | L4: Sim clicks P95 | M4: Sim clicks P99 | N4: Sim cost (원) P90 | O4: Sim cost (원) P95 | P4: Sim cost (원) P99 | Q4: Sim time (hours) P90 | R4: Sim time (hours) P95 | S4: Sim time (hours) P99
A5: 0 | B5: 0 | C5: 0 | D5: 0 | E5: 0 | F5: 0 | G5: 0 | H5: =Inputs!C6 | I5: =IF(H5=0,"",H5-C5) | J5: =IF(I5="","",IF(F5=0,"",I5/F5)) | K5: 0 | L5: 0 | M5: 0 | N5: 0 | O5: 0 | P5: 0 | Q5: =K5*Inputs!$B$2/3600 | R5: =L5*Inputs!$B$2/3600 | S5: =M5*Inputs!$B$2/3600
A6: 1 | B6: =(B5+StageCalc!H5)/StageCalc!G5 | C6: =(C5+StageCalc!I5)/StageCalc!G5 | D6: =B6*Inputs!$B$2 | E6: =D6/60 | F6: =D6/3600 | G6: =(G5+(1-StageCalc!G5))/StageCalc!G5 | H6: =Inputs!C7 | I6: =IF(H6=0,"",H6-C6) | J6: =IF(I6="","",IF(F6=0,"",I6/F6)) | K6: 1 | L6: 1 | M6: 1 | N6: 20 | O6: 20 | P6: 20 | Q6: =K6*Inputs!$B$2/3600 | R6: =L6*Inputs!$B$2/3600 | S6: =M6*Inputs!$B$2/3600
A7: 2 | B7: =(B6+StageCalc!H6)/StageCalc!G6 | C7: =(C6+StageCalc!I6)/StageCalc!G6 | D7: =B7*Inputs!$B$2 | E7: =D7/60 | F7: =D7/3600 | G7: =(G6+(1-StageCalc!G6))/StageCalc!G6 | H7: =Inputs!C8 | I7: =IF(H7=0,"",H7-C7) | J7: =IF(I7="","",IF(F7=0,"",I7/F7)) | K7: 2 | L7: 3 | M7: 4 | N7: 70 | O7: 120 | P7: 170 | Q7: =K7*Inputs!$B$2/3600 | R7: =L7*Inputs!$B$2/3600 | S7: =M7*Inputs!$B$2/3600
A8: 3 | B8: =(B7+StageCalc!H7)/StageCalc!G7 | C8: =(C7+StageCalc!I7)/StageCalc!G7 | D8: =B8*Inputs!$B$2 | E8: =D8/60 | F8: =D8/3600 | G8: =(G7+(1-StageCalc!G7))/StageCalc!G7 | H8: =Inputs!C9 | I8: =IF(H8=0,"",H8-C8) | J8: =IF(I8="","",IF(F8=0,"",I8/F8)) | K8: 4 | L8: 5 | M8: 6 | N8: 270 | O8: 320 | P8: 420 | Q8: =K8*Inputs!$B$2/3600 | R8: =L8*Inputs!$B$2/3600 | S8: =M8*Inputs!$B$2/3600
A9: 4 | B9: =(B8+StageCalc!H8)/StageCalc!G8 | C9: =(C8+StageCalc!I8)/StageCalc!G8 | D9: =B9*Inputs!$B$2 | E9: =D9/60 | F9: =D9/3600 | G9: =(G8+(1-StageCalc!G8))/StageCalc!G8 | H9: =Inputs!C10 | I9: =IF(H9=0,"",H9-C9) | J9: =IF(I9="","",IF(F9=0,"",I9/F9)) | K9: 6 | L9: 7 | M9: 10 | N9: 770 | O9: 870 | P9: 1170 | Q9: =K9*Inputs!$B$2/3600 | R9: =L9*Inputs!$B$2/3600 | S9: =M9*Inputs!$B$2/3600
A10: 5 | B10: =(B9+StageCalc!H9)/StageCalc!G9 | C10: =(C9+StageCalc!I9)/StageCalc!G9 | D10: =B10*Inputs!$B$2 | E10: =D10/60 | F10: =D10/3600 | G10: =(G9+(1-StageCalc!G9))/StageCalc!G9 | H10: =Inputs!C11 | I10: =IF(H10=0,"",H10-C10) | J10: =IF(I10="","",IF(F10=0,"",I10/F10)) | K10: 10 | L10: 12 | M10: 16 | N10: 2222 | O10: 2570 | P10: 3660 | Q10: =K10*Inputs!$B$2/3600 | R10: =L10*Inputs!$B$2/3600 | S10: =M10*Inputs!$B$2/3600
A11: 6 | B11: =(B10+StageCalc!H10)/StageCalc!G10 | C11: =(C10+StageCalc!I10)/StageCalc!G10 | D11: =B11*Inputs!$B$2 | E11: =D11/60 | F11: =D11/3600 | G11: =(G10+(1-StageCalc!G10))/StageCalc!G10 | H11: =Inputs!C12 | I11: =IF(H11=0,"",H11-C11) | J11: =IF(I11="","",IF(F11=0,"",I11/F11)) | K11: 17 | L11: 21 | M11: 29 | N11: 6340 | O11: 7710 | P11: 10740 | Q11: =K11*Inputs!$B$2/3600 | R11: =L11*Inputs!$B$2/3600 | S11: =M11*Inputs!$B$2/3600
A12: 7 | B12: =(B11+StageCalc!H11)/StageCalc!G11 | C12: =(C11+StageCalc!I11)/StageCalc!G11 | D12: =B12*Inputs!$B$2 | E12: =D12/60 | F12: =D12/3600 | G12: =(G11+(1-StageCalc!G11))/StageCalc!G11 | H12: =Inputs!C13 | I12: =IF(H12=0,"",H12-C12) | J12: =IF(I12="","",IF(F12=0,"",I12/F12)) | K12: 26 | L12: 33 | M12: 46 | N12: 15671 | O12: 19082 | P12: 26683 | Q12: =K12*Inputs!$B$2/3600 | R12: =L12*Inputs!$B$2/3600 | S12: =M12*Inputs!$B$2/3600
A13: 8 | B13: =(B12+StageCalc!H12)/StageCalc!G12 | C13: =(C12+StageCalc!I12)/StageCalc!G12 | D13: =B13*Inputs!$B$2 | E13: =D13/60 | F13: =D13/3600 | G13: =(G12+(1-StageCalc!G12))/StageCalc!G12 | H13: =Inputs!C14 | I13: =IF(H13=0,"",H13-C13) | J13: =IF(I13="","",IF(F13=0,"",I13/F13)) | K13: 39 | L13: 49 | M13: 69 | N13: 41447 | O13: 51643 | P13: 73343 | Q13: =K13*Inputs!$B$2/3600 | R13: =L13*Inputs!$B$2/3600 | S13: =M13*Inputs!$B$2/3600
A14: 9 | B14: =(B13+StageCalc!H13)/StageCalc!G13 | C14: =(C13+StageCalc!I13)/StageCalc!G13 | D14: =B14*Inputs!$B$2 | E14: =D14/60 | F14: =D14/3600 | G14: =(G13+(1-StageCalc!G13))/StageCalc!G13 | H14: =Inputs!C15 | I14: =IF(H14=0,"",H14-C14) | J14: =IF(I14="","",IF(F14=0,"",I14/F14)) | K14: 58 | L14: 73 | M14: 111.01 | N14: 111140 | O14: 135391 | P14: 199514 | Q14: =K14*Inputs!$B$2/3600 | R14: =L14*Inputs!$B$2/3600 | S14: =M14*Inputs!$B$2/3600
A15: 10 | B15: =(B14+StageCalc!H14)/StageCalc!G14 | C15: =(C14+StageCalc!I14)/StageCalc!G14 | D15: =B15*Inputs!$B$2 | E15: =D15/60 | F15: =D15/3600 | G15: =(G14+(1-StageCalc!G14))/StageCalc!G14 | H15: =Inputs!C16 | I15: =IF(H15=0,"",H15-C15) | J15: =IF(I15="","",IF(F15=0,"",I15/F15)) | K15: 86 | L15: 111.05 | M15: 162 | N15: 275628 | O15: 337931 | P15: 480818 | Q15: =K15*Inputs!$B$2/3600 | R15: =L15*Inputs!$B$2/3600 | S15: =M15*Inputs!$B$2/3600
A16: 11 | B16: =(B15+StageCalc!H15)/StageCalc!G15 | C16: =(C15+StageCalc!I15)/StageCalc!G15 | D16: =B16*Inputs!$B$2 | E16: =D16/60 | F16: =D16/3600 | G16: =(G15+(1-StageCalc!G15))/StageCalc!G15 | H16: =Inputs!C17 | I16: =IF(H16=0,"",H16-C16) | J16: =IF(I16="","",IF(F16=0,"",I16/F16)) | K16: 135 | L16: 169 | M16: 248.01 | N16: 603424 | O16: 756822 | P16: 1068436 | Q16: =K16*Inputs!$B$2/3600 | R16: =L16*Inputs!$B$2/3600 | S16: =M16*Inputs!$B$2/3600
A17: 12 | B17: =(B16+StageCalc!H16)/StageCalc!G16 | C17: =(C16+StageCalc!I16)/StageCalc!G16 | D17: =B17*Inputs!$B$2 | E17: =D17/60 | F17: =D17/3600 | G17: =(G16+(1-StageCalc!G16))/StageCalc!G16 | H17: =Inputs!C18 | I17: =IF(H17=0,"",H17-C17) | J17: =IF(I17="","",IF(F17=0,"",I17/F17)) | K17: 211.1 | L17: 269 | M17: 412.01 | N17: 1238629 | O17: 1556950 | P17: 2258202 | Q17: =K17*Inputs!$B$2/3600 | R17: =L17*Inputs!$B$2/3600 | S17: =M17*Inputs!$B$2/3600
... A25: 20 | B25: =(B24+StageCalc!H24)/StageCalc!G24 | C25: =(C24+StageCalc!I24)/StageCalc!G24 | D25: =B25*Inputs!$B$2 | E25: =D25/60 | F25: =D25/3600 | G25: =(G24+(1-StageCalc!G24))/StageCalc!G24 | H25: =Inputs!C26 | I25: =IF(H25=0,"",H25-C25) | J25: =IF(I25="","",IF(F25=0,"",I25/F25)) | K25: 98571.1 | L25: 125421.3 | M25: 177609.54 | N25: 1487914571 | O25: 1898728850 | P25: 2662037876 | Q25: =K25*Inputs!$B$2/3600 | R25: =L25*Inputs!$B$2/3600 | S25: =M25*Inputs!$B$2/3600
